Order ID,Date,Customer,WhatsApp,Email,Instagram,Address Line 1,Address Line 2,City,State,Pincode,Items Ordered,Payment Method,UTR Number,Status,Confirmed,Total Amount
ORD-20260401-9690-50,2026-04-01 15:38,Final Record,9123456786,user50@test.me,,Final Addr,,City,State,400001,1x 9690 (Classic Fit),ONLINE,UTR050,PLACED,Yes,2000.00
ORD-20260401-6358-45,2026-04-01 15:38,Suryakumar Yadav,9123456781,sky@360.me,,360 Apt,,Mumbai,Maharashtra,400010,1x 6358 (Sky Blue),ONLINE,UTR045,DELIVERED,Yes,3000.00
ORD-20260401-7682-44,2026-04-01 15:38,Ravindra Jadeja,9012345679,sir@jadeja.me,,Royal Court,,Jamnagar,Gujarat,361001,2x 7682 (Swordsman),COD,,PLACED,No,6000.00
ORD-20260401-9690-43,2026-04-01 15:38,Ishan Kishan,9901234568,ishan@power.me,,Pocket Dynamo,,Patna,Bihar,800001,1x 9690 (Fast),ONLINE,UTR043,SHIPPED,Yes,2000.00
ORD-20260401-6358-42,2026-04-01 15:38,Shubman Gill,9890123457,gill@prince.me,,Prince Villa,,Chandigarh,Punjab,160005,2x 6358 (Slim Fit),ONLINE,UTR042,PACKED,Yes,6000.00
ORD-20260401-7682-41,2026-04-01 15:38,Kapil Dev,9789012346,kapil@1983.me,,World Cup Plaza,,Delhi,Delhi,110001,1x 7682 (Legendary),COD,,PLACED,No,3000.00
ORD-20260401-9690-40,2026-04-01 15:38,Yuvraj Singh,9678901235,yuvi@legend.me,,Sixer Apt,,Chandigarh,Punjab,160001,4x 9690 (Sixer),ONLINE,UTR040,DELIVERED,Yes,8000.00
ORD-20260401-6358-39,2026-04-01 15:38,KL Rahul,9567890124,rahul@cricket.me,,Stylish Villa,,Bengaluru,Karnataka,560001,1x 6358 (Classic),ONLINE,UTR039,SHIPPED,Yes,3000.00
ORD-20260401-7682-38,2026-04-01 15:38,Jasprit Bumrah,9456789013,bumrah@cricket.me,,Boom House,,Ahmedabad,Gujarat,380001,2x 7682 (Yorker),ONLINE,UTR038,PACKED,Yes,6000.00
ORD-20260401-9690-37,2026-04-01 15:38,Rishabh Pant,9345678902,pant@cricket.me,,Spiderman Villa,,Roorkee,Uttarakhand,247667,1x 9690 (Sporty),COD,,CONFIRMED,Yes,2000.00
ORD-20260401-6358-36,2026-04-01 15:38,Janhvi Kapoor,9234567891,janhvi@studios.com,,High Rise,,Mumbai,Maharashtra,400020,1x 6358 (Premium),ONLINE,UTR036,PLACED,Yes,3000.00
ORD-20260401-7682-35,2026-04-01 15:38,Kartik Aaryan,9123456780,kartik@stars.com,,City View,,Mumbai,Maharashtra,400010,2x 7682 (Modern),ONLINE,UTR035,SHIPPED,Yes,6000.00
ORD-20260401-9690-34,2026-04-01 15:38,Sara Ali Khan,9876543211,sara@studios.com,,Pataudi Villa,,Delhi,Delhi,110001,1x 9690 (Royal),COD,,PLACED,No,2000.00
ORD-20260401-6358-33,2026-04-01 15:38,Karan Johar,9011122233,karan@dharma.me,,Dharma Villa,,Film City,Maharashtra,400063,3x 6358 (Standard),ONLINE,UTR033,PACKED,Yes,9000.00
ORD-20260401-7682-32,2026-04-01 15:38,Ananya Panday,9000000001,ananya@studios.com,,Bandra Plaza,,Mumbai,Maharashtra,400050,2x 7682 (Light),ONLINE,UTR032,PLACED,Yes,6000.00
ORD-20260401-9690-31,2026-04-01 15:38,Akshay Kumar,9101010101,akshay@khiladi.com,,Khiladi Mansion,,Chandigarh,Punjab,160001,1x 9690 (Khiladi),COD,,CONFIRMED,Yes,2000.00
ORD-20260401-6358-30,2026-04-01 15:38,Test User 030,9010010300,user30@test.com,,Block E,,Mumbai,Maharashtra,400030,2x 6358 (Yellow),ONLINE,UTR030,SHIPPED,Yes,6000.00
ORD-20260401-7682-29,2026-04-01 15:38,Test User 029,9010010290,user29@test.com,,Block D,,Mumbai,Maharashtra,400029,1x 7682 (White Stripe),COD,,DELIVERED,Yes,3000.00
ORD-20260401-9690-28,2026-04-01 15:38,Test User 028,9010010280,user28@test.com,,Block C,,Mumbai,Maharashtra,400028,3x 9690 (Premium),ONLINE,UTR028,PACKED,Yes,6000.00
ORD-20260401-6358-27,2026-04-01 15:38,Test User 027,9010010270,user27@test.com,,Block B,,Mumbai,Maharashtra,400027,1x 6358 (Classic),COD,,PLACED,No,3000.00
ORD-20260401-7682-26,2026-04-01 15:38,Test User 026,9010010260,user26@test.com,,Block A,,Mumbai,Maharashtra,400026,2x 7682 (Style),ONLINE,UTR026,PLACED,Yes,6000.00
ORD-20260401-9690-24,2026-04-01 15:38,Ranveer Singh,9333444550,ranveer@energy.me,,Gully Plot,,Mumbai,Maharashtra,400050,4x 9690 (Energy),ONLINE,UTR024,PLACED,Yes,8000.00
ORD-20260401-6358-23,2026-04-01 15:38,Mirabai Chanu,9990001113,mira@weight.me,,Strong Tower,,Imphal,Manipur,795001,1x 6358 (Iron Grey),COD,,CONFIRMED,Yes,3000.00
ORD-20260401-7682-22,2026-04-01 15:38,Abhinav Bindra,9777888990,abhinav@shoot.me,,Target Villa,,Zirakpur,Punjab,140603,2x 7682 (Sharp),COD,,PLACED,No,6000.00
ORD-20260401-9690-21,2026-04-01 15:38,Rohit Sharma,9990001110,rohit@hitman.me,,High Rise,,Mumbai,Maharashtra,400010,1x 9690 (Blue Stripe),ONLINE,UTR021,CONFIRMED,Yes,2000.00
ORD-20260401-6358-20,2026-04-01 15:38,Alia Bhatt,9666777880,alia@studios.com,,Rocky Villa,,Mumbai,Maharashtra,400002,2x 6358 (Pink),ONLINE,UTR020,PLACED,Yes,6000.00
ORD-20260401-7682-19,2026-04-01 15:38,Hardik Pandya,9555666779,hardik@all.me,,Pandya Villa,,Surat,Gujarat,395001,1x 7682 (Dynamic),COD,,PLACED,No,3000.00
ORD-20260401-9690-18,2026-04-01 15:38,Smriti Mandhana,9666777889,smriti@cricket.me,,Willow Wing,,Sangli,Maharashtra,416416,1x 9690 (Sport),ONLINE,UTR018,SHIPPED,Yes,2000.00
ORD-20260401-6358-17,2026-04-01 15:38,Viswanathan Anand,9555666778,vishy@chess.me,,Checkmate,,Chennai,Tamil Nadu,600001,2x 6358 (Grandmaster),ONLINE,UTR017,PLACED,Yes,6000.00
ORD-20260401-7682-16,2026-04-01 15:38,P.V. Sindhu,9444555667,sindhu@badminton.me,,Court 1,,Hyderabad,Telangana,500001,1x 7682 (Swift),COD,,PACKED,Yes,3000.00
ORD-20260401-9690-15,2026-04-01 15:38,Sachin Tendulkar,9333444556,sachin@god.me,,God-Level,,Mumbai,Maharashtra,400050,3x 9690 (Century),ONLINE,UTR015,DELIVERED,Yes,6000.00
ORD-20260401-6358-14,2026-04-01 15:38,Mary Kom,9222333445,mary@boxing.org,,Punch Palace,,Imphal,Manipur,795001,1x 6358 (Iron),ONLINE,UTR014,CONFIRMED,Yes,3000.00
ORD-20260401-7682-13,2026-04-01 15:38,Sunil Chhetri,9000111223,sunil@goal.me,,Soccer Court,,Bengaluru,Karnataka,560001,2x 7682 (Standard),ONLINE,UTR013,PLACED,Yes,6000.00
ORD-20260401-9690-12,2026-04-01 15:38,Neeraj Chopra,9111222334,neeraj@goal.me,,Gold Tower,,Panipat,Haryana,132103,1x 9690 (Javelin),COD,,SHIPPED,Yes,2000.00
ORD-20260401-6358-11,2026-04-01 15:38,Hima Das,9888999001,hima@express.me,,Express Lane,,Dhing,Assam,782123,2x 6358 (Green),ONLINE,UTR011,PACKED,Yes,6000.00
ORD-20260401-7682-10,2026-04-01 15:38,M.S. Dhoni,9888999000,msd@captain.me,,Farm House,,Ranchi,Jharkhand,834001,1x 7682 (Number 7),COD,,CONFIRMED,Yes,3000.00
ORD-20260401-6358-8,2026-04-01 15:38,Virat Kohli,9444555666,virat@king.me,@virat,Century Villa,Sec 25,Gurugram,Haryana,122001,2x 6358 (Standard) | 1x 9690 (Standard),ONLINE,UTR008,DELIVERED,Yes,8000.00
ORD-20260401-7682-7,2026-04-01 15:38,Deepika P,9222333444,deepika@queen.com,@deepika,Lotus Tower,,Mumbai,Maharashtra,400025,1x 7682 (Saffron),ONLINE,UTR76827,PLACED,Yes,3000.00
ORD-20260401-9690-6,2026-04-01 15:38,Shah Rukh,9777888999,srk@mannat.me,@srk,Mannat,Bandstand,Mumbai,Maharashtra,400050,1x 9690 (Legend),ONLINE,UTR96906,DELIVERED,Yes,2000.00
ORD-20260401-6358-5,2026-04-01 15:38,Karan Johar,9010101010,karan@movies.com,,Dharma Villa,,Film City,Maharashtra,400063,2x 6358 (Gold),ONLINE,UTR6358,SHIPPED,Yes,6000.00
ORD-20260401-7682-4,2026-04-01 15:38,Sanya Gupta,9111222333,sanya@gmail.com,@sanya_style,Building A,Tech Park,Bangalore,Karnataka,560001,1x 7682 (White),COD,,DELIVERED,Yes,3000.00
ORD-20260401-9690-3,2026-04-01 15:38,Amit Patel,9000000001,amit@kaam.me,,32 Sunny Lane,,Ahmedabad,Gujarat,380001,3x 9690 (Bulk),ONLINE,UTR9690,PACKED,Yes,6000.00
ORD-20260401-6358-2,2026-04-01 15:38,Priya Sharma,9123456789,priya@sharma.com,@priya_s,House No 45,Main Road,Delhi,Delhi,110001,1x 6358 (Premium),COD,,CONFIRMED,Yes,3000.00
ORD-20260401-7682-1,2026-04-01 15:38,Rahul Kumar,9876543210,rahul@example.com,@rahul_ig,Flat 101,Gokul Dham,Mumbai,Maharashtra,400001,2x 7682 (Standard),ONLINE,UTR7682,PLACED,Yes,6000.00
